{
    "City": [{
            "Sr_No": "1",
            "City_Name": "Mumbai"
        },
        {
            "Sr_No": "2",
            "City_Name": "Delhi"
        },
        {
            "Sr_No": "3",
            "City_Name": "Bangalore"
        },
        {
            "Sr_No": "4",
            "City_Name": "Hyderabad"
        },
        {
            "Sr_No": "5",
            "City_Name": "Pune"
        }
    ],
    "Hospital": [{
            "Sr_No": "1",
            "Hospital_Name": "Asian Heart Institute, Bandra-Kurla Complex",
            "City_Name": "Mumbai"
        },
        {
            "Sr_No": "2",
            "Hospital_Name": "Bhabha Hospital, Bandra",
            "City_Name": "Mumbai"
        },
        {
            "Sr_No": "3",
            "Hospital_Name": "Bhaktivedanta Hospital, Mira Road",
            "City_Name": "Mumbai"
        },
        {
            "Sr_No": "4",
            "Hospital_Name": "Bombay Hospital, Marine Lines",
            "City_Name": "Mumbai"
        },
        {
            "Sr_No": "5",
            "Hospital_Name": "Breach Candy Hospital, Mahalaxmi",
            "City_Name": "Mumbai"
        },
        {
            "Sr_No": "6",
            "Hospital_Name": "D Y Patil Hospital, Nerul",
            "City_Name": "Mumbai"
        },
        {
            "Sr_No": "7",
            "Hospital_Name": "Cloudnine Hospitals, Link Road, Malad West",
            "City_Name": "Mumbai"
        },
        {
            "Sr_No": "8",
            "Hospital_Name": "Cooper Hospital, Vile Parle",
            "City_Name": "Mumbai"
        },
        {
            "Sr_No": "9",
            "Hospital_Name": "Gokuldas Tejpal Hospital, Fort",
            "City_Name": "Mumbai"
        },
        {
            "Sr_No": "10",
            "Hospital_Name": "Grant Medical College and Sir Jamshedjee Jeejebhoy Group of Hospitals, Sandhurst Road",
            "City_Name": "Mumbai"
        },
        {
            "Sr_No": "11",
            "Hospital_Name": "Hinduja Healthcare Surgical, Khar, Mumbai",
            "City_Name": "Mumbai"
        },
        {
            "Sr_No": "12",
            "Hospital_Name": "Hinduja Hospital, Mahim, Mumbai",
            "City_Name": "Mumbai"
        },
        {
            "Sr_No": "13",
            "Hospital_Name": "Holy Family Hospital, Bandra",
            "City_Name": "Mumbai"
        },
        {
            "Sr_No": "14",
            "Hospital_Name": "Hurkisondas Hospital, Girgaon",
            "City_Name": "Mumbai"
        },
        {
            "Sr_No": "15",
            "Hospital_Name": "Jaslok Hospital, Pedar Road",
            "City_Name": "Mumbai"
        },
        {
            "Sr_No": "16",
            "Hospital_Name": "Lilavati Hospital, Bandra",
            "City_Name": "Mumbai"
        },
        {
            "Sr_No": "17",
            "Hospital_Name": "Lokmanya Tilak Hospital, Sion",
            "City_Name": "Mumbai"
        },
        {
            "Sr_No": "18",
            "Hospital_Name": "Nanavati Hospital, Vile Parle",
            "City_Name": "Mumbai"
        },
        {
            "Sr_No": "19",
            "Hospital_Name": "Prince Aly Khan Hospital, Byculla",
            "City_Name": "Mumbai"
        },
        {
            "Sr_No": "20",
            "Hospital_Name": "Rajawadi Hospital, Ghatkopar",
            "City_Name": "Mumbai"
        },
        {
            "Sr_No": "21",
            "Hospital_Name": "Saifee Hospital, Charni Road",
            "City_Name": "Mumbai"
        },
        {
            "Sr_No": "22",
            "Hospital_Name": "KEM Hospital, Parel",
            "City_Name": "Mumbai"
        },
        {
            "Sr_No": "23",
            "Hospital_Name": "Shushrusha Citizens Co-operative Hospital, Shivaji Park, Mumbai",
            "City_Name": "Mumbai"
        },
        {
            "Sr_No": "24",
            "Hospital_Name": "Sunrise Hospital, Bhandup",
            "City_Name": "Mumbai"
        },
        {
            "Sr_No": "25",
            "Hospital_Name": "Tata Memorial Hospital, Parel",
            "City_Name": "Mumbai"
        },
        {
            "Sr_No": "26",
            "Hospital_Name": "Mahatma Gandhi Memorial Hospital, Parel",
            "City_Name": "Mumbai"
        },
        {
            "Sr_No": "27",
            "Hospital_Name": "Aditya Birla Memorial Hospital",
            "City_Name": "Pune"
        },
        {
            "Sr_No": "28",
            "Hospital_Name": "Cloudnine Hospitals, Bhamburda, Shivaji Nagar and Kalyaninagar",
            "City_Name": "Pune"
        },
        {
            "Sr_No": "29",
            "Hospital_Name": "Deenanath Mangeshkar Hospital",
            "City_Name": "Pune"
        },
        {
            "Sr_No": "30",
            "Hospital_Name": "Hardikar Hospital",
            "City_Name": "Pune"
        },
        {
            "Sr_No": "31",
            "Hospital_Name": "Jehangir Hospital",
            "City_Name": "Pune"
        },
        {
            "Sr_No": "32",
            "Hospital_Name": "Joshi Hospital",
            "City_Name": "Pune"
        },
        {
            "Sr_No": "33",
            "Hospital_Name": "Ruby Hall Clinic",
            "City_Name": "Pune"
        },
        {
            "Sr_No": "34",
            "Hospital_Name": "Sassoon Hospital",
            "City_Name": "Pune"
        },
        {
            "Sr_No": "35",
            "Hospital_Name": "Apollo Hospitals",
            "City_Name": "Bangalore"
        },
        {
            "Sr_No": "36",
            "Hospital_Name": "Bangalore Medical College",
            "City_Name": "Bangalore"
        },
        {
            "Sr_No": "37",
            "Hospital_Name": "Bowring & Lady Curzon Hospitals.",
            "City_Name": "Bangalore"
        },
        {
            "Sr_No": "38",
            "Hospital_Name": "Bangalore Medical College",
            "City_Name": "Bangalore"
        },
        {
            "Sr_No": "39",
            "Hospital_Name": "Columbia Asia, Hebbal",
            "City_Name": "Bangalore"
        },
        {
            "Sr_No": "40",
            "Hospital_Name": "Columbia Asia, Yeshwanthpur",
            "City_Name": "Bangalore"
        },
        {
            "Sr_No": "41",
            "Hospital_Name": "Cloudnine Hospitals, Jayanagar.",
            "City_Name": "Bangalore"
        },
        {
            "Sr_No": "42",
            "Hospital_Name": "Dr. Mohan’s Diabetes Specialities Centre",
            "City_Name": "Bangalore"
        },
        {
            "Sr_No": "43",
            "Hospital_Name": "Indira Gandhi Institute of Child Health, Bangalore.",
            "City_Name": "Bangalore"
        },
        {
            "Sr_No": "44",
            "Hospital_Name": "Minto Eye Hospital, Bangalore Medical College.",
            "City_Name": "Bangalore"
        },
        {
            "Sr_No": "45",
            "Hospital_Name": "Kidwai Memorial Institute of Oncology",
            "City_Name": "Bangalore"
        },
        {
            "Sr_No": "46",
            "Hospital_Name": "Narayana Hrudayalaya, Hosur Road",
            "City_Name": "Bangalore"
        },
        {
            "Sr_No": "47",
            "Hospital_Name": "National Institute of Mental Health and Neurosciences (Nimhans), Bangalore",
            "City_Name": "Bangalore"
        },
        {
            "Sr_No": "48",
            "Hospital_Name": "Nethradhama Superspeciality Eye Hospital, Jayanagar",
            "City_Name": "Bangalore"
        },
        {
            "Sr_No": "49",
            "Hospital_Name": "Rajarajeswari Medical College and Hospital",
            "City_Name": "Bangalore"
        },
        {
            "Sr_No": "50",
            "Hospital_Name": "SDS Tuberculosis and Rajiv Gandhi Institute of Chest diseases",
            "City_Name": "Bangalore"
        },
        {
            "Sr_No": "51",
            "Hospital_Name": "Sri Jayadeva Institute of Cardiology, Jayanagar",
            "City_Name": "Bangalore"
        },
        {
            "Sr_No": "52",
            "Hospital_Name": "St. Johns Medical College",
            "City_Name": "Bangalore"
        },
        {
            "Sr_No": "53",
            "Hospital_Name": "Vanivilas Women and Children Hospital, Bangalore Medical College",
            "City_Name": "Bangalore"
        },
        {
            "Sr_No": "54",
            "Hospital_Name": "Victoria Hospital, Bangalore Medical College",
            "City_Name": "Bangalore"
        },
        {
            "Sr_No": "55",
            "Hospital_Name": "Vydehi Institute of Medical Sciences and Research Centre Whitefield, Bangalore",
            "City_Name": "Bangalore"
        },
        {
            "Sr_No": "56",
            "Hospital_Name": "Basaveshwara Teaching and General Hospital, Gulbarga",
            "City_Name": "Bangalore"
        },
        {
            "Sr_No": "57",
            "Hospital_Name": "All India Institute of Medical Sciences, Ansari Nagar",
            "City_Name": "Delhi"
        },
        {
            "Sr_No": "58",
            "Hospital_Name": "Cloudnine Hospitals, Gurgaon",
            "City_Name": "Delhi"
        },
        {
            "Sr_No": "59",
            "Hospital_Name": "Columbia Asia, Gurgaon",
            "City_Name": "Delhi"
        },
        {
            "Sr_No": "60",
            "Hospital_Name": "Dharamshila Cancer Hospital and Research Centre, Dharamshila Marg, Vasundhara Enclave",
            "City_Name": "Delhi"
        },
        {
            "Sr_No": "61",
            "Hospital_Name": "Dr. Mohan’s Diabetes Specialities Centre",
            "City_Name": "Delhi"
        },
        {
            "Sr_No": "62",
            "Hospital_Name": "Eden Hospital, East of Kailash, New Delhi",
            "City_Name": "Delhi"
        },
        {
            "Sr_No": "63",
            "Hospital_Name": "Fortis Hospital, Gurgaon",
            "City_Name": "Delhi"
        },
        {
            "Sr_No": "64",
            "Hospital_Name": "Guru Teg Bahadur Hospital, Dilshad Garden",
            "City_Name": "Delhi"
        },
        {
            "Sr_No": "65",
            "Hospital_Name": "Holy Family Hospital, Jamia Nagar, Friends Colony",
            "City_Name": "Delhi"
        },
        {
            "Sr_No": "66",
            "Hospital_Name": "Indraprastha Apollo Hospital, Sarita Vihar",
            "City_Name": "Delhi"
        },
        {
            "Sr_No": "67",
            "Hospital_Name": "Lady Hardinge Medical College, Shaheed Bhagat Singh Marg",
            "City_Name": "Delhi"
        },
        {
            "Sr_No": "68",
            "Hospital_Name": "Lok Nayak Hospital, Delhi",
            "City_Name": "Delhi"
        },
        {
            "Sr_No": "69",
            "Hospital_Name": "Maharaja Agrasen Hospital, West Punjabi Bagh",
            "City_Name": "Delhi"
        },
        {
            "Sr_No": "70",
            "Hospital_Name": "Maulana Azad Medical College, Bahadur Shah Zafar Marg",
            "City_Name": "Delhi"
        },
        {
            "Sr_No": "71",
            "Hospital_Name": "Max Healthcare, Max Medcentre, Panchsheel Park",
            "City_Name": "Delhi"
        },
        {
            "Sr_No": "72",
            "Hospital_Name": "Medanta The Medicity, Gurgaon",
            "City_Name": "Delhi"
        },
        {
            "Sr_No": "73",
            "Hospital_Name": "National Heart Institute (Delhi), Community Centre, East of Kailash",
            "City_Name": "Delhi"
        },
        {
            "Sr_No": "74",
            "Hospital_Name": "Rajiv Gandhi Cancer Institute and Research Centre, Rohini and Niti bagh",
            "City_Name": "Delhi"
        },
        {
            "Sr_No": "75",
            "Hospital_Name": "Ram Manohar Lohia Hospital, Baba Kharag Singh Marg",
            "City_Name": "Delhi"
        },
        {
            "Sr_No": "76",
            "Hospital_Name": "Safdarjang Hospital",
            "City_Name": "Delhi"
        },
        {
            "Sr_No": "77",
            "Hospital_Name": "Sanjeevan Hospitals, Daryaganj, Paharganj",
            "City_Name": "Delhi"
        },
        {
            "Sr_No": "78",
            "Hospital_Name": "Sir Ganga Ram Hospital, Rajendar Nagar",
            "City_Name": "Delhi"
        },
        {
            "Sr_No": "79",
            "Hospital_Name": "St. Stephens Hospital, Delhi, Tis Hazari",
            "City_Name": "Delhi"
        },
        {
            "Sr_No": "80",
            "Hospital_Name": "Sunrise Hospital, Kalindi colony",
            "City_Name": "Delhi"
        },
        {
            "Sr_No": "81",
            "Hospital_Name": "Vidyasagar Institute of Mental Health and Neuro Sciences",
            "City_Name": "Delhi"
        },
        {
            "Sr_No": "82",
            "Hospital_Name": "Akruti Institute of Plastic and cosmetic surgery, Kukatpally",
            "City_Name": "Hyderabad"
        },
        {
            "Sr_No": "83",
            "Hospital_Name": "Dr. Mohan’s Diabetes Specialities Centre, Domalguda & Jubilee Hills",
            "City_Name": "Hyderabad"
        },
        {
            "Sr_No": "84",
            "Hospital_Name": "Durgabai Deshmukh Hospital, Vidyanagar",
            "City_Name": "Hyderabad"
        },
        {
            "Sr_No": "85",
            "Hospital_Name": "Fernandez Hospital, Bogulkunta",
            "City_Name": "Hyderabad"
        },
        {
            "Sr_No": "86",
            "Hospital_Name": "L. V. Prasad Eye Institute",
            "City_Name": "Hyderabad"
        },
        {
            "Sr_No": "87",
            "Hospital_Name": "LifeSpring Hospitals",
            "City_Name": "Hyderabad"
        },
        {
            "Sr_No": "88",
            "Hospital_Name": "National Institute of Mentally Handicapped, Newbowenpally",
            "City_Name": "Hyderabad"
        },
        {
            "Sr_No": "89",
            "Hospital_Name": "Nizams Institute of Medical Sciences, Somajiguda",
            "City_Name": "Hyderabad"
        },
        {
            "Sr_No": "90",
            "Hospital_Name": "Osmania General Hospital, Afzal Gunj",
            "City_Name": "Hyderabad"
        },
        {
            "Sr_No": "91",
            "Hospital_Name": "Sarojini Devi Eye Hospital, Mehidipatnam",
            "City_Name": "Hyderabad"
        },
        {
            "Sr_No": "92",
            "Hospital_Name": "Yashoda Hospitals, Malakpet, Secunderabad, Somajiguda",
            "City_Name": "Hyderabad"
        }
    ]
}